{
  "task": "Task 3: Temporal Smoothing + Spike Detection",
  "timestamp": "2025-11-22T11:39:45.682635",
  "parameters": {
    "ema_alpha": 0.7,
    "spike_threshold": 0.35
  },
  "total_samples": 306,
  "duration_seconds": 39.931875705718994,
  "standard_deviation_before_smoothing": {
    "valence": 0.3065,
    "arousal": 0.3032,
    "overall": 0.4311
  },
  "standard_deviation_after_smoothing": {
    "valence": 0.2612,
    "arousal": 0.2621,
    "overall": 0.37
  },
  "std_reduction_percent": 14.17,
  "spike_detection": {
    "total_spikes": 80,
    "spike_rate_percent": 26.14,
    "average_delta_E": 0.2513,
    "max_delta_E": 2.0069,
    "threshold": 0.35
  },
  "delta_E_values": [
    0.0,
    0.896,
    0.0298,
    0.0528,
    0.0444,
    0.071,
    0.0374,
    0.0387,
    0.0299,
    0.0499,
    0.0205,
    0.3835,
    0.4291,
    0.2179,
    0.0146,
    0.1513,
    0.0871,
    0.0871,
    0.2613,
    0.4307,
    0.2335,
    0.4204,
    0.2309,
    0.123,
    0.0181,
    0.0117,
    0.0013,
    0.0068,
    0.0118,
    0.9234,
    0.0756,
    0.8447,
    0.9629,
    0.0447,
    0.0008,
    0.9956,
    0.0027,
    0.9988,
    0.966,
    0.0059,
    0.0184,
    1.1079,
    0.0041,
    0.0193,
    0.9622,
    0.1063,
    0.0154,
    0.0132,
    1.0808,
    0.0068,
    0.0047,
    0.0027,
    2.0069,
    0.5284,
    1.6086,
    0.007,
    1.9439,
    0.257,
    1.4854,
    1.8139,
    0.0111,
    0.0424,
    0.9459,
    0.1125,
    0.2528,
    0.5953,
    0.0719,
    0.7191,
    0.2236,
    0.4049,
    0.8038,
    0.7279,
    0.0448,
    0.2797,
    0.3293,
    1.0012,
    0.0801,
    0.5357,
    0.8016,
    1.1386,
    0.8366,
    0.0321,
    0.0149,
    0.0519,
    0.0158,
    0.6871,
    0.6977,
    0.074,
    0.0391,
    0.049,
    0.1035,
    0.0193,
    0.0579,
    0.0287,
    0.4824,
    0.4463,
    0.0158,
    0.7655,
    0.7928,
    0.7568,
    0.7597,
    0.4183,
    0.3495,
    0.0295,
    0.1336,
    0.4982,
    0.276,
    0.5321,
    0.0579,
    0.5552,
    0.101,
    1.1962,
    0.5457,
    0.17,
    0.1128,
    0.105,
    0.0117,
    0.0016,
    0.0148,
    0.0061,
    0.0058,
    0.0385,
    0.0354,
    0.1137,
    0.4209,
    0.4299,
    0.0055,
    0.0156,
    0.1057,
    0.0987,
    0.0748,
    0.0761,
    0.0049,
    0.0034,
    0.0054,
    0.0044,
    0.0044,
    0.0009,
    0.0001,
    0.0001,
    0.9991,
    0.0876,
    1.0586,
    0.0303,
    0.4791,
    0.0728,
    0.4406,
    0.3526,
    0.3713,
    0.3482,
    0.0296,
    0.0985,
    0.0698,
    0.0973,
    0.0111,
    0.0074,
    0.0271,
    0.1835,
    0.0509,
    0.0912,
    0.2476,
    0.051,
    0.3516,
    0.4108,
    0.0211,
    0.1423,
    0.1805,
    0.0906,
    0.1585,
    0.4534,
    0.1359,
    0.4702,
    0.8448,
    0.8856,
    0.0459,
    0.1542,
    0.597,
    0.738,
    0.0693,
    0.0818,
    0.0698,
    0.0671,
    0.0089,
    0.0163,
    0.0245,
    0.0028,
    0.0054,
    0.1635,
    0.1578,
    0.2077,
    0.1962,
    0.1199,
    0.0612,
    0.082,
    0.0965,
    0.0967,
    0.0229,
    0.1669,
    0.0234,
    0.0693,
    0.045,
    0.0192,
    0.0389,
    0.0959,
    0.0888,
    0.1163,
    0.026,
    0.0163,
    0.0376,
    0.015,
    0.1899,
    0.1686,
    0.0014,
    0.0055,
    0.0532,
    0.0442,
    0.0083,
    0.0111,
    0.1551,
    0.1507,
    0.3847,
    0.352,
    0.0595,
    0.0787,
    0.0019,
    0.0165,
    0.0027,
    0.0043,
    0.0092,
    0.0098,
    0.011,
    0.0085,
    0.002,
    0.0169,
    0.0176,
    0.0029,
    0.0018,
    0.0021,
    0.0003,
    0.0016,
    0.007,
    0.0033,
    1.0251,
    1.0195,
    0.0023,
    0.1742,
    0.1774,
    0.0012,
    0.0002,
    0.0662,
    0.066,
    0.0026,
    0.0135,
    0.166,
    0.2349,
    1.075,
    0.0036,
    0.1502,
    0.2118,
    0.2643,
    0.4703,
    0.7417,
    0.5358,
    0.5502,
    0.0853,
    0.3304,
    0.0406,
    0.1162,
    0.5174,
    0.3785,
    0.6655,
    0.2029,
    0.9937,
    0.6236,
    0.1577,
    0.3026,
    0.8066,
    0.1615,
    0.3177,
    0.7048,
    0.0315,
    0.0266,
    0.0309,
    0.0,
    0.0713,
    0.0383,
    0.0385,
    0.0371,
    0.0194,
    0.2617,
    0.0976,
    0.0621,
    0.0243,
    0.072,
    0.3447,
    0.4445,
    0.5281,
    0.0782,
    0.5203,
    0.0613,
    0.0018,
    0.0023,
    0.0054,
    0.0626,
    0.0503,
    0.0339
  ]
}