{
  "task": "Task 4: EAR (Blink + Fatigue Detection)",
  "timestamp": "2025-11-22T11:44:06.217501",
  "parameters": {
    "ear_blink_threshold": 0.2,
    "ear_fatigue_threshold": 0.22,
    "fatigue_duration_sec": 3.0
  },
  "total_samples": 1184,
  "duration_seconds": 40.02738928794861,
  "ear_statistics": {
    "average": 0.2117,
    "std_dev": 0.0406,
    "min": 0.1185,
    "max": 0.2903
  },
  "blink_detection": {
    "total_blinks": 33,
    "average_blinks_per_minute": 49.47,
    "blink_times": [
      1.25,
      1.96,
      2.73,
      4.46,
      6.22,
      7.8,
      8.34,
      8.78,
      9.52,
      10.33,
      10.6,
      10.7,
      12.35,
      13.14,
      14.68,
      18.06,
      22.32,
      24.09,
      24.78,
      25.58,
      27.34,
      27.74,
      27.98,
      28.19,
      28.41,
      28.59,
      29.93,
      31.79,
      33.43,
      33.76,
      33.88,
      37.42,
      39.66
    ]
  },
  "fatigue_detection": {
    "fatigue_percentage": 0.0,
    "max_fatigue_confidence": 0.943
  },
  "ear_values_per_frame": [
    0.2114,
    0.216,
    0.2273,
    0.2213,
    0.2234,
    0.2194,
    0.2194,
    0.2092,
    0.2079,
    0.227,
    0.2149,
    0.2065,
    0.2277,
    0.2306,
    0.2315,
    0.2252,
    0.2002,
    0.1864,
    0.1663,
    0.1914,
    0.2082,
    0.2204,
    0.2317,
    0.2193,
    0.2235,
    0.2196,
    0.2359,
    0.2633,
    0.2375,
    0.2284,
    0.2353,
    0.2434,
    0.2501,
    0.2518,
    0.251,
    0.2444,
    0.2513,
    0.2474,
    0.2012,
    0.1965,
    0.183,
    0.1759,
    0.2087,
    0.2237,
    0.2272,
    0.2318,
    0.2394,
    0.2438,
    0.238,
    0.2439,
    0.2554,
    0.2589,
    0.247,
    0.2438,
    0.2666,
    0.2554,
    0.2587,
    0.2448,
    0.2469,
    0.2671,
    0.2534,
    0.2496,
    0.248,
    0.1909,
    0.1648,
    0.2231,
    0.2123,
    0.2365,
    0.2195,
    0.2591,
    0.2352,
    0.2595,
    0.2352,
    0.2396,
    0.2354,
    0.2554,
    0.2421,
    0.2658,
    0.2551,
    0.2681,
    0.2608,
    0.2508,
    0.2493,
    0.1864,
    0.2005,
    0.2005,
    0.2142,
    0.2196,
    0.2324,
    0.2432,
    0.2427,
    0.2575,
    0.2424,
    0.2509,
    0.2415,
    0.2491,
    0.2592,
    0.239,
    0.2506,
    0.2415,
    0.2427,
    0.2517,
    0.2554,
    0.2431,
    0.2557,
    0.2509,
    0.2551,
    0.2392,
    0.2533,
    0.2509,
    0.2509,
    0.2278,
    0.2072,
    0.1736,
    0.1965,
    0.1983,
    0.2415,
    0.234,
    0.2318,
    0.2277,
    0.2393,
    0.2473,
    0.2416,
    0.2434,
    0.2354,
    0.2554,
    0.2441,
    0.2554,
    0.2316,
    0.2393,
    0.2268,
    0.2121,
    0.2164,
    0.1844,
    0.163,
    0.1778,
    0.1554,
    0.1682,
    0.141,
    0.1789,
    0.1468,
    0.1446,
    0.1369,
    0.1493,
    0.1442,
    0.1408,
    0.1335,
    0.1525,
    0.1615,
    0.1185,
    0.1554,
    0.1293,
    0.1638,
    0.14,
    0.1487,
    0.148,
    0.1691,
    0.1559,
    0.1453,
    0.1449,
    0.1369,
    0.1426,
    0.1462,
    0.1371,
    0.1652,
    0.1559,
    0.1458,
    0.1412,
    0.1794,
    0.2103,
    0.2284,
    0.2201,
    0.2519,
    0.2357,
    0.2357,
    0.2393,
    0.2299,
    0.2516,
    0.2507,
    0.2394,
    0.2438,
    0.2674,
    0.2518,
    0.2619,
    0.2518,
    0.259,
    0.2628,
    0.2593,
    0.2531,
    0.2591,
    0.2513,
    0.2433,
    0.2288,
    0.2432,
    0.2513,
    0.2432,
    0.2274,
    0.2363,
    0.2354,
    0.2247,
    0.214,
    0.2222,
    0.2055,
    0.2324,
    0.2231,
    0.2324,
    0.2324,
    0.2239,
    0.2262,
    0.2174,
    0.2227,
    0.2129,
    0.2083,
    0.1622,
    0.1513,
    0.15,
    0.1751,
    0.2079,
    0.2026,
    0.2057,
    0.2096,
    0.2105,
    0.2065,
    0.2122,
    0.2104,
    0.2083,
    0.208,
    0.1942,
    0.214,
    0.2026,
    0.1663,
    0.1506,
    0.1883,
    0.2083,
    0.2349,
    0.2277,
    0.2347,
    0.234,
    0.2543,
    0.2239,
    0.2425,
    0.2528,
    0.2241,
    0.2093,
    0.1783,
    0.1805,
    0.228,
    0.2481,
    0.257,
    0.2584,
    0.2584,
    0.2756,
    0.2836,
    0.2574,
    0.2659,
    0.2725,
    0.2704,
    0.2744,
    0.284,
    0.2903,
    0.2646,
    0.2799,
    0.2762,
    0.246,
    0.2266,
    0.2056,
    0.1681,
    0.1978,
    0.2262,
    0.2482,
    0.2708,
    0.2553,
    0.2542,
    0.2601,
    0.2566,
    0.2657,
    0.2722,
    0.2682,
    0.2686,
    0.2766,
    0.2664,
    0.2756,
    0.2639,
    0.2315,
    0.2255,
    0.223,
    0.2135,
    0.2224,
    0.2145,
    0.2251,
    0.2271,
    0.1959,
    0.1997,
    0.2024,
    0.2018,
    0.2165,
    0.2022,
    0.1919,
    0.192,
    0.1992,
    0.1918,
    0.2144,
    0.1918,
    0.1958,
    0.2038,
    0.2094,
    0.2095,
    0.2253,
    0.2177,
    0.2216,
    0.2308,
    0.2151,
    0.2315,
    0.2221,
    0.2355,
    0.2434,
    0.2311,
    0.2261,
    0.2223,
    0.2383,
    0.2466,
    0.218,
    0.2271,
    0.218,
    0.2146,
    0.2257,
    0.2256,
    0.2158,
    0.1827,
    0.1461,
    0.1368,
    0.1426,
    0.1525,
    0.1408,
    0.1503,
    0.1528,
    0.1522,
    0.145,
    0.1688,
    0.1633,
    0.1398,
    0.1577,
    0.1616,
    0.1557,
    0.1377,
    0.1584,
    0.1581,
    0.177,
    0.1828,
    0.188,
    0.1871,
    0.1871,
    0.1956,
    0.2098,
    0.2245,
    0.1994,
    0.2301,
    0.2225,
    0.231,
    0.2197,
    0.2291,
    0.2383,
    0.2254,
    0.2292,
    0.2276,
    0.2178,
    0.2161,
    0.2296,
    0.2169,
    0.2177,
    0.2161,
    0.2198,
    0.1932,
    0.1932,
    0.1922,
    0.1959,
    0.1879,
    0.2047,
    0.2032,
    0.177,
    0.1549,
    0.1418,
    0.1451,
    0.1326,
    0.1453,
    0.1468,
    0.1621,
    0.1404,
    0.1341,
    0.1701,
    0.173,
    0.1591,
    0.1501,
    0.1511,
    0.1551,
    0.1483,
    0.1384,
    0.1264,
    0.1308,
    0.1612,
    0.1483,
    0.1618,
    0.167,
    0.1607,
    0.1594,
    0.156,
    0.1419,
    0.1791,
    0.1757,
    0.1483,
    0.1507,
    0.1565,
    0.165,
    0.173,
    0.1588,
    0.1533,
    0.158,
    0.1483,
    0.1664,
    0.1885,
    0.1973,
    0.1984,
    0.1934,
    0.2134,
    0.2065,
    0.2061,
    0.2081,
    0.2139,
    0.235,
    0.2294,
    0.2198,
    0.224,
    0.235,
    0.2458,
    0.2443,
    0.2424,
    0.2549,
    0.2482,
    0.2458,
    0.2479,
    0.252,
    0.2439,
    0.2503,
    0.2438,
    0.2397,
    0.2504,
    0.2432,
    0.2519,
    0.2475,
    0.2492,
    0.2443,
    0.2523,
    0.224,
    0.2084,
    0.1961,
    0.1917,
    0.1837,
    0.1776,
    0.1737,
    0.156,
    0.1608,
    0.1637,
    0.1615,
    0.1504,
    0.1533,
    0.1521,
    0.1528,
    0.1607,
    0.1817,
    0.1534,
    0.1616,
    0.1534,
    0.1561,
    0.1527,
    0.1587,
    0.1563,
    0.143,
    0.1452,
    0.1835,
    0.1742,
    0.1743,
    0.1574,
    0.149,
    0.1461,
    0.1294,
    0.1531,
    0.1386,
    0.1359,
    0.1367,
    0.127,
    0.1418,
    0.1212,
    0.1263,
    0.1465,
    0.1495,
    0.1511,
    0.1609,
    0.1405,
    0.1732,
    0.1622,
    0.1407,
    0.1661,
    0.1711,
    0.1362,
    0.1614,
    0.1575,
    0.1618,
    0.169,
    0.16,
    0.1626,
    0.1579,
    0.153,
    0.1788,
    0.1656,
    0.1538,
    0.1443,
    0.1819,
    0.1885,
    0.1737,
    0.159,
    0.1588,
    0.1498,
    0.149,
    0.1824,
    0.2203,
    0.2255,
    0.2429,
    0.2598,
    0.2725,
    0.2433,
    0.247,
    0.243,
    0.2467,
    0.2507,
    0.2521,
    0.2433,
    0.2553,
    0.24,
    0.2433,
    0.2358,
    0.2438,
    0.2357,
    0.2233,
    0.245,
    0.221,
    0.2453,
    0.2324,
    0.2251,
    0.2239,
    0.2223,
    0.2277,
    0.2203,
    0.22,
    0.2029,
    0.2258,
    0.2199,
    0.2119,
    0.205,
    0.2165,
    0.222,
    0.209,
    0.205,
    0.2091,
    0.2194,
    0.2203,
    0.233,
    0.2146,
    0.2256,
    0.2316,
    0.2257,
    0.2216,
    0.2368,
    0.2303,
    0.228,
    0.2275,
    0.2332,
    0.2306,
    0.2332,
    0.2396,
    0.232,
    0.2257,
    0.2544,
    0.2397,
    0.2395,
